NOM;CODI;DATA_INI;DATA_FI;RESIDENCIA;IEPG_CONFIRMAT;R0_CONFIRMAT_M;TAXA_CASOS_CONFIRMAT;CASOS_CONFIRMAT;TAXA_PCR;PCR;PERC_PCR_POSITIVES;INGRESSOS_TOTAL;INGRESSOS_CRITIC;EXITUS
CATALUNYA;CATALUNYA;2020-09-24;2020-09-30;--;;;0.0000;115;0.0000;1309;4.6620;33;5;0
CATALUNYA;CATALUNYA;2020-09-24;2020-09-30;Si;;;257.0614;166;6027.0069;3892;4.9411;31;0;31
CATALUNYA;CATALUNYA;2020-09-24;2020-09-30;No;182.719;0.987983;88.3363;6720;1609.7067;122455;5.6471;436;85;60
CATALUNYA;CATALUNYA;2020-09-23;2020-09-29;No;179.541;0.961711;89.0067;6771;1602.2797;121890;5.6318;421;81;55
CATALUNYA;CATALUNYA;2020-09-23;2020-09-29;--;;;0.0000;114;0.0000;1337;4.6388;31;2;0
CATALUNYA;CATALUNYA;2020-09-23;2020-09-29;Si;;;199.7646;129;6118.3721;3951;3.9489;38;0;29
CATALUNYA;CATALUNYA;2020-09-22;2020-09-28;Si;;;154.8562;100;6078.1095;3925;2.7770;42;1;23
CATALUNYA;CATALUNYA;2020-09-22;2020-09-28;No;177.039;0.941218;88.0340;6697;1570.4286;119467;5.6802;412;86;48
CATALUNYA;CATALUNYA;2020-09-22;2020-09-28;--;;;0.0000;109;0.0000;1304;4.3580;28;5;0
CATALUNYA;CATALUNYA;2020-09-21;2020-09-27;--;;;0.0000;108;0.0000;1255;4.0420;24;3;0
CATALUNYA;CATALUNYA;2020-09-21;2020-09-27;Si;;;148.6620;96;5625.9291;3633;2.9593;42;1;25
CATALUNYA;CATALUNYA;2020-09-21;2020-09-27;No;176.323;0.942414;88.5992;6740;1549.8431;117901;5.7698;411;81;50
CATALUNYA;CATALUNYA;2020-09-20;2020-09-26;No;178.525;0.951578;89.9006;6839;1559.3340;118623;5.7988;424;83;44
CATALUNYA;CATALUNYA;2020-09-20;2020-09-26;--;;;0.0000;99;0.0000;1236;3.6125;26;5;0
CATALUNYA;CATALUNYA;2020-09-20;2020-09-26;Si;;;157.9534;102;5621.2834;3630;3.2862;42;1;20
CATALUNYA;CATALUNYA;2020-09-19;2020-09-25;No;186.382;0.989852;89.6114;6817;1570.6389;119483;5.7513;424;79;47
CATALUNYA;CATALUNYA;2020-09-19;2020-09-25;--;;;0.0000;96;0.0000;1235;3.6125;28;5;0
CATALUNYA;CATALUNYA;2020-09-19;2020-09-25;Si;;;178.0847;115;5689.4202;3674;3.4315;39;1;25
CATALUNYA;CATALUNYA;2020-09-18;2020-09-24;--;;;0.0000;97;0.0000;1168;3.9965;32;5;0
CATALUNYA;CATALUNYA;2020-09-18;2020-09-24;Si;;;207.5074;134;5816.4023;3756;4.1206;34;1;23
CATALUNYA;CATALUNYA;2020-09-18;2020-09-24;No;206.629;1.14921;91.2283;6940;1550.3952;117943;5.9661;448;77;45
CATALUNYA;CATALUNYA;2020-09-17;2020-09-23;No;228.603;1.23591;96.6047;7349;1591.0799;121038;6.1298;460;78;48
CATALUNYA;CATALUNYA;2020-09-17;2020-09-23;--;;;0.0000;107;0.0000;1163;4.8119;32;6;0
CATALUNYA;CATALUNYA;2020-09-17;2020-09-23;Si;;;210.6045;136;5692.5173;3676;4.4533;31;1;17
CATALUNYA;CATALUNYA;2020-09-16;2020-09-22;No;237.161;1.29053;97.6826;7431;1510.0786;114876;6.5515;470;76;55
CATALUNYA;CATALUNYA;2020-09-16;2020-09-22;--;;;0.0000;111;0.0000;1055;5.5877;34;6;0
CATALUNYA;CATALUNYA;2020-09-16;2020-09-22;Si;;;281.8384;182;5690.9687;3675;5.7397;30;2;15
CATALUNYA;CATALUNYA;2020-09-15;2020-09-21;--;;;0.0000;114;0.0000;1001;5.9184;32;4;0
CATALUNYA;CATALUNYA;2020-09-15;2020-09-21;Si;;;270.9985;175;5402.9360;3489;6.4704;28;1;16
CATALUNYA;CATALUNYA;2020-09-15;2020-09-21;No;238.708;1.30463;100.0619;7612;1453.3829;110563;7.0039;488;63;60
CATALUNYA;CATALUNYA;2020-09-14;2020-09-20;--;;;0.0000;116;0.0000;936;7.3144;40;4;0
CATALUNYA;CATALUNYA;2020-09-14;2020-09-20;Si;;;300.4212;194;5948.0302;3841;6.0903;29;1;19
CATALUNYA;CATALUNYA;2020-09-14;2020-09-20;No;236.975;1.31232;98.4976;7493;1393.2827;105991;7.1276;499;64;60
CATALUNYA;CATALUNYA;2020-09-13;2020-09-19;No;230.444;1.28655;97.7089;7433;1364.1921;103778;7.1939;496;64;61
CATALUNYA;CATALUNYA;2020-09-13;2020-09-19;--;;;0.0000;121;0.0000;931;7.9208;40;4;0
CATALUNYA;CATALUNYA;2020-09-13;2020-09-19;Si;;;362.3637;234;6000.6813;3875;7.0924;25;1;19
CATALUNYA;CATALUNYA;2020-09-12;2020-09-18;--;;;0.0000;130;0.0000;922;8.7875;36;5;0
CATALUNYA;CATALUNYA;2020-09-12;2020-09-18;Si;;;421.2091;272;5971.2586;3856;8.0378;28;1;15
CATALUNYA;CATALUNYA;2020-09-12;2020-09-18;No;224.953;1.25387;98.6817;7507;1329.2782;101122;7.4686;494;65;59
CATALUNYA;CATALUNYA;2020-09-11;2020-09-17;--;;;0.0000;114;0.0000;821;8.7173;32;5;0
CATALUNYA;CATALUNYA;2020-09-11;2020-09-17;Si;;;374.7522;242;5107.1605;3298;8.2182;29;1;16
CATALUNYA;CATALUNYA;2020-09-11;2020-09-17;No;193.791;1.07962;88.5729;6738;1142.2207;86892;7.6784;461;65;58
CATALUNYA;CATALUNYA;2020-09-10;2020-09-16;No;179.675;1.0071;88.3626;6722;1138.3691;86599;7.9548;466;67;57
CATALUNYA;CATALUNYA;2020-09-10;2020-09-16;--;;;0.0000;109;0.0000;759;9.1521;33;6;0
CATALUNYA;CATALUNYA;2020-09-10;2020-09-16;Si;;;371.6551;240;5440.1015;3513;7.4348;32;1;18
CATALUNYA;CATALUNYA;2020-09-09;2020-09-15;Si;;;312.8097;202;5748.2656;3712;5.8341;27;0;18
CATALUNYA;CATALUNYA;2020-09-09;2020-09-15;No;167.087;0.949561;86.0885;6549;1108.1218;84298;7.9452;462;70;56
CATALUNYA;CATALUNYA;2020-09-09;2020-09-15;--;;;0.0000;112;0.0000;833;8.2411;33;6;0
CATALUNYA;CATALUNYA;2020-09-08;2020-09-14;--;;;0.0000;118;0.0000;850;8.6435;39;7;0
CATALUNYA;CATALUNYA;2020-09-08;2020-09-14;Si;;;322.1010;208;6198.8974;4003;5.2407;23;0;19
CATALUNYA;CATALUNYA;2020-09-08;2020-09-14;No;162.011;0.937518;82.9073;6307;1088.7457;82824;7.7636;460;69;54
CATALUNYA;CATALUNYA;2020-09-07;2020-09-13;No;160.213;0.930653;82.0792;6244;1083.1458;82398;7.7720;465;73;53
CATALUNYA;CATALUNYA;2020-09-07;2020-09-13;--;;;0.0000;125;0.0000;893;7.8857;33;7;0
CATALUNYA;CATALUNYA;2020-09-07;2020-09-13;Si;;;277.1927;179;5698.7115;3680;5.3145;27;0;12
CATALUNYA;CATALUNYA;2020-09-06;2020-09-12;Si;;;213.7016;138;5647.6090;3647;4.0887;33;0;18
CATALUNYA;CATALUNYA;2020-09-06;2020-09-12;No;166.245;0.960123;81.4087;6193;1079.4651;82118;7.8252;465;70;49
CATALUNYA;CATALUNYA;2020-09-06;2020-09-12;--;;;0.0000;130;0.0000;890;7.9038;34;5;0
CATALUNYA;CATALUNYA;2020-09-05;2020-09-11;--;;;0.0000;128;0.0000;867;7.5294;37;4;0
CATALUNYA;CATALUNYA;2020-09-05;2020-09-11;Si;;;136.2735;88;5508.2383;3557;3.2658;34;1;18
CATALUNYA;CATALUNYA;2020-09-05;2020-09-11;No;170.989;0.989551;80.7252;6141;1088.0095;82768;7.7152;472;78;54
CATALUNYA;CATALUNYA;2020-09-04;2020-09-10;No;186.87;1.02545;90.9259;6917;1250.6957;95144;7.6490;487;76;58
CATALUNYA;CATALUNYA;2020-09-04;2020-09-10;--;;;0.0000;139;0.0000;1023;6.8794;39;5;0
CATALUNYA;CATALUNYA;2020-09-04;2020-09-10;Si;;;150.2106;97;6994.8587;4517;2.7906;35;1;18
CATALUNYA;CATALUNYA;2020-09-03;2020-09-09;No;185.8;1.02083;90.0452;6850;1242.6113;94529;7.4484;462;73;52
CATALUNYA;CATALUNYA;2020-09-03;2020-09-09;--;;;0.0000;142;0.0000;1106;6.2673;37;3;0
CATALUNYA;CATALUNYA;2020-09-03;2020-09-09;Si;;;168.7933;109;7440.8448;4805;3.1894;35;1;24
CATALUNYA;CATALUNYA;2020-09-02;2020-09-08;--;;;0.0000;135;0.0000;1123;5.6159;33;3;0
CATALUNYA;CATALUNYA;2020-09-02;2020-09-08;Si;;;230.7358;149;7155.9093;4621;3.7388;36;1;25
CATALUNYA;CATALUNYA;2020-09-02;2020-09-08;No;187.162;1.01302;89.8743;6837;1271.0840;96695;7.2138;464;77;47
CATALUNYA;CATALUNYA;2020-09-01;2020-09-07;No;187.675;1.00606;89.9006;6839;1288.9353;98053;7.1671;455;82;49
CATALUNYA;CATALUNYA;2020-09-01;2020-09-07;--;;;0.0000;136;0.0000;1192;5.6314;32;1;0
CATALUNYA;CATALUNYA;2020-09-01;2020-09-07;Si;;;241.5758;156;7171.3949;4631;3.8699;39;1;28
CATALUNYA;CATALUNYA;2020-08-31;2020-09-06;No;189.065;1.00026;90.0715;6852;1294.4301;98471;7.2734;452;82;49
CATALUNYA;CATALUNYA;2020-08-31;2020-09-06;--;;;0.0000;121;0.0000;1055;5.4211;31;1;0
CATALUNYA;CATALUNYA;2020-08-31;2020-09-06;Si;;;238.4786;154;7307.6684;4719;3.6185;38;1;27
CATALUNYA;CATALUNYA;2020-08-30;2020-09-05;--;;;0.0000;117;0.0000;1055;5.0290;26;2;0
CATALUNYA;CATALUNYA;2020-08-30;2020-09-05;Si;;;229.1873;148;7306.1199;4718;3.4607;35;1;26
CATALUNYA;CATALUNYA;2020-08-30;2020-09-05;No;189.229;0.995448;91.7409;6979;1303.4477;99157;7.2880;442;82;51
CATALUNYA;CATALUNYA;2020-08-29;2020-09-04;--;;;0.0000;110;0.0000;1051;5.0436;25;2;0
CATALUNYA;CATALUNYA;2020-08-29;2020-09-04;Si;;;221.4444;143;7343.2854;4742;3.2042;31;0;28
CATALUNYA;CATALUNYA;2020-08-29;2020-09-04;No;187.876;0.987237;92.0696;7004;1295.5211;98554;7.3010;437;78;45
CATALUNYA;CATALUNYA;2020-08-28;2020-09-03;No;190.203;0.997879;91.3072;6946;1297.3615;98694;7.1882;422;79;43
CATALUNYA;CATALUNYA;2020-08-28;2020-09-03;--;;;0.0000;119;0.0000;1074;4.8571;22;1;0
CATALUNYA;CATALUNYA;2020-08-28;2020-09-03;Si;;;235.3815;152;7016.5386;4531;3.6034;32;0;29
CATALUNYA;CATALUNYA;2020-08-27;2020-09-02;--;;;0.0000;121;0.0000;1073;4.7619;25;1;0
CATALUNYA;CATALUNYA;2020-08-27;2020-09-02;Si;;;235.3815;152;6624.7522;4278;3.6138;29;0;24
CATALUNYA;CATALUNYA;2020-08-27;2020-09-02;No;193.762;1.01215;91.9644;6996;1297.9004;98735;7.2789;453;83;46
CATALUNYA;CATALUNYA;2020-08-26;2020-09-01;--;;;0.0000;128;0.0000;1072;5.4286;29;1;0
CATALUNYA;CATALUNYA;2020-08-26;2020-09-01;Si;;;235.3815;152;6980.9217;4508;3.9826;34;0;26
CATALUNYA;CATALUNYA;2020-08-26;2020-09-01;No;199.514;1.03102;94.8827;7218;1332.9326;101400;7.3983;444;72;45
CATALUNYA;CATALUNYA;2020-08-25;2020-08-31;No;203.055;1.04484;96.6441;7352;1330.6190;101224;7.4228;449;64;40
CATALUNYA;CATALUNYA;2020-08-25;2020-08-31;--;;;0.0000;128;0.0000;1033;5.3360;27;1;0
CATALUNYA;CATALUNYA;2020-08-25;2020-08-31;Si;;;261.7071;169;7101.7096;4586;4.3456;34;0;24
CATALUNYA;CATALUNYA;2020-08-24;2020-08-30;Si;;;257.0614;166;7208.5604;4655;4.1483;32;0;31
CATALUNYA;CATALUNYA;2020-08-24;2020-08-30;No;204.725;1.05809;98.9446;7527;1351.0074;102775;7.3281;449;66;40
CATALUNYA;CATALUNYA;2020-08-24;2020-08-30;--;;;0.0000;140;0.0000;1175;5.7242;28;2;0
CATALUNYA;CATALUNYA;2020-08-23;2020-08-29;--;;;0.0000;142;0.0000;1172;5.9130;32;2;0
CATALUNYA;CATALUNYA;2020-08-23;2020-08-29;Si;;;267.9013;173;7245.7259;4679;4.7004;32;1;30
CATALUNYA;CATALUNYA;2020-08-23;2020-08-29;No;206.445;1.07149;98.3530;7482;1354.3726;103031;7.2826;444;67;42
CATALUNYA;CATALUNYA;2020-08-22;2020-08-28;No;211.598;1.10245;98.2347;7473;1370.9357;104291;7.1744;443;63;43
CATALUNYA;CATALUNYA;2020-08-22;2020-08-28;--;;;0.0000;143;0.0000;1160;5.8979;33;3;0
CATALUNYA;CATALUNYA;2020-08-22;2020-08-28;Si;;;291.1298;188;7450.1362;4811;4.5887;32;1;32
CATALUNYA;CATALUNYA;2020-08-21;2020-08-27;Si;;;301.9697;195;7464.0733;4820;4.4418;31;1;32
CATALUNYA;CATALUNYA;2020-08-21;2020-08-27;No;215.811;1.13177;99.2995;7554;1350.7576;102756;7.4012;462;69;36
CATALUNYA;CATALUNYA;2020-08-21;2020-08-27;--;;;0.0000;144;0.0000;1086;6.3089;35;4;0
CATALUNYA;CATALUNYA;2020-08-20;2020-08-26;--;;;0.0000;139;0.0000;1068;6.6155;31;5;0
CATALUNYA;CATALUNYA;2020-08-20;2020-08-26;Si;;;300.4212;194;6991.7616;4515;4.6553;30;1;33
CATALUNYA;CATALUNYA;2020-08-20;2020-08-26;No;217.059;1.15012;99.4704;7567;1297.5192;98706;7.7291;440;65;36
CATALUNYA;CATALUNYA;2020-08-19;2020-08-25;No;214.448;1.15979;98.6291;7503;1230.5176;93609;7.9613;463;70;40
CATALUNYA;CATALUNYA;2020-08-19;2020-08-25;--;;;0.0000;130;0.0000;1038;5.9172;28;6;0
CATALUNYA;CATALUNYA;2020-08-19;2020-08-25;Si;;;218.3473;141;6533.3870;4219;3.6833;27;2;31
CATALUNYA;CATALUNYA;2020-08-18;2020-08-24;No;212.143;1.16598;97.6958;7432;1190.1879;90541;8.1854;481;77;43
CATALUNYA;CATALUNYA;2020-08-18;2020-08-24;--;;;0.0000;122;0.0000;1024;5.3000;27;7;0
CATALUNYA;CATALUNYA;2020-08-18;2020-08-24;Si;;;190.4732;123;6424.9876;4149;3.2481;29;3;31
CATALUNYA;CATALUNYA;2020-08-17;2020-08-23;--;;;0.0000;116;0.0000;1003;5.7986;25;6;0
CATALUNYA;CATALUNYA;2020-08-17;2020-08-23;Si;;;178.0847;115;6054.8810;3910;3.2752;33;3;27
CATALUNYA;CATALUNYA;2020-08-17;2020-08-23;No;207.475;1.16559;94.5409;7192;1131.3627;86066;8.4501;480;81;41
CATALUNYA;CATALUNYA;2020-08-16;2020-08-22;No;206.166;1.16451;94.3174;7175;1127.4585;85769;8.4435;494;78;38
CATALUNYA;CATALUNYA;2020-08-16;2020-08-22;--;;;0.0000;111;0.0000;999;5.8282;25;5;0
CATALUNYA;CATALUNYA;2020-08-16;2020-08-22;Si;;;174.9876;113;6082.7552;3928;2.6870;33;2;24
CATALUNYA;CATALUNYA;2020-08-15;2020-08-21;No;202.729;1.14825;93.6996;7128;1105.5979;84106;8.6594;509;78;39
CATALUNYA;CATALUNYA;2020-08-15;2020-08-21;--;;;0.0000;109;0.0000;988;5.5785;25;4;0
CATALUNYA;CATALUNYA;2020-08-15;2020-08-21;Si;;;157.9534;102;5839.6308;3771;2.8590;33;2;22
CATALUNYA;CATALUNYA;2020-08-14;2020-08-20;--;;;0.0000;109;0.0000;1074;6.0172;26;3;0
CATALUNYA;CATALUNYA;2020-08-14;2020-08-20;Si;;;122.3364;79;5331.7021;3443;3.0303;33;2;26
CATALUNYA;CATALUNYA;2020-08-14;2020-08-20;No;194.611;1.12352;91.3860;6952;1067.8972;81238;8.7384;501;69;45
CATALUNYA;CATALUNYA;2020-08-13;2020-08-19;--;;;0.0000;126;0.0000;1083;6.9943;27;3;0
CATALUNYA;CATALUNYA;2020-08-13;2020-08-19;Si;;;113.0450;73;5714.1972;3690;2.5524;39;3;24
CATALUNYA;CATALUNYA;2020-08-13;2020-08-19;No;187.65;1.10823;89.2565;6790;1066.3066;81117;8.4483;498;70;43
CATALUNYA;CATALUNYA;2020-08-12;2020-08-18;No;182.627;1.09965;86.2725;6563;1056.7106;80387;8.3191;477;66;38
CATALUNYA;CATALUNYA;2020-08-12;2020-08-18;--;;;0.0000;130;0.0000;1038;7.8373;26;3;0
CATALUNYA;CATALUNYA;2020-08-12;2020-08-18;Si;;;151.7591;98;6009.9727;3881;3.3137;43;2;25
CATALUNYA;CATALUNYA;2020-08-11;2020-08-17;--;;;0.0000;132;0.0000;1019;8.7702;25;2;0
CATALUNYA;CATALUNYA;2020-08-11;2020-08-17;Si;;;204.4103;132;5842.7279;3773;4.3329;45;1;27
CATALUNYA;CATALUNYA;2020-08-11;2020-08-17;No;179.154;1.0945;84.2481;6409;1039.6217;79087;8.2038;465;63;37
CATALUNYA;CATALUNYA;2020-08-10;2020-08-16;--;;;0.0000;131;0.0000;1046;8.5462;23;2;0
CATALUNYA;CATALUNYA;2020-08-10;2020-08-16;Si;;;230.7358;149;5797.8196;3744;4.7289;43;1;25
CATALUNYA;CATALUNYA;2020-08-10;2020-08-16;No;177.135;1.09305;83.4594;6349;1048.4948;79762;8.0794;455;59;43
CATALUNYA;CATALUNYA;2020-08-09;2020-08-15;No;175.513;1.09262;82.7233;6293;1044.9061;79489;8.0763;460;63;41
CATALUNYA;CATALUNYA;2020-08-09;2020-08-15;--;;;0.0000;130;0.0000;1043;8.5630;20;3;0
CATALUNYA;CATALUNYA;2020-08-09;2020-08-15;Si;;;226.0901;146;5687.8716;3673;4.7588;44;2;29
CATALUNYA;CATALUNYA;2020-08-08;2020-08-14;Si;;;226.0901;146;5937.1902;3834;4.6904;44;3;29
CATALUNYA;CATALUNYA;2020-08-08;2020-08-14;No;175.21;1.09485;82.8547;6303;1076.7703;81913;7.7941;460;63;37
CATALUNYA;CATALUNYA;2020-08-08;2020-08-14;--;;;0.0000;129;0.0000;1055;8.6745;19;3;0
CATALUNYA;CATALUNYA;2020-08-07;2020-08-13;--;;;0.0000;122;0.0000;954;8.9056;16;3;0
CATALUNYA;CATALUNYA;2020-08-07;2020-08-13;Si;;;315.9068;204;6009.9727;3881;5.9611;47;3;23
CATALUNYA;CATALUNYA;2020-08-07;2020-08-13;No;173.131;1.08364;81.8294;6225;1076.0210;81856;7.6721;457;69;35
CATALUNYA;CATALUNYA;2020-08-06;2020-08-12;No;169.967;1.06673;80.0679;6091;1070.8812;81465;7.6471;469;77;37
CATALUNYA;CATALUNYA;2020-08-06;2020-08-12;--;;;0.0000;121;0.0000;1006;7.8491;17;3;0
CATALUNYA;CATALUNYA;2020-08-06;2020-08-12;Si;;;353.0723;228;5938.7388;3835;6.7240;43;2;23
CATALUNYA;CATALUNYA;2020-08-05;2020-08-11;Si;;;326.7467;211;5954.2244;3845;6.0615;42;3;23
CATALUNYA;CATALUNYA;2020-08-05;2020-08-11;No;168.118;1.0514;79.8050;6071;1057.2232;80426;7.7414;473;79;35
CATALUNYA;CATALUNYA;2020-08-05;2020-08-11;--;;;0.0000;114;0.0000;1103;6.8646;18;3;0
CATALUNYA;CATALUNYA;2020-08-04;2020-08-10;--;;;0.0000;121;0.0000;1167;6.5026;23;5;0
CATALUNYA;CATALUNYA;2020-08-04;2020-08-10;Si;;;297.3240;192;5985.1957;3865;5.6895;37;3;23
CATALUNYA;CATALUNYA;2020-08-04;2020-08-10;No;166.538;1.03463;79.4370;6043;1057.1049;80417;7.8060;459;80;36
CATALUNYA;CATALUNYA;2020-08-03;2020-08-09;No;164.87;1.0191;78.5957;5979;1029.3289;78304;7.8557;464;75;27
CATALUNYA;CATALUNYA;2020-08-03;2020-08-09;--;;;0.0000;128;0.0000;1155;6.3055;26;25;0
CATALUNYA;CATALUNYA;2020-08-03;2020-08-09;Si;;;283.3870;183;6084.3037;3929;5.5185;40;3;26
CATALUNYA;CATALUNYA;2020-08-02;2020-08-08;No;162.238;1.00529;77.9121;5927;1023.7159;77877;7.8624;455;73;27
CATALUNYA;CATALUNYA;2020-08-02;2020-08-08;--;;;0.0000;131;0.0000;1159;6.2002;39;26;0
CATALUNYA;CATALUNYA;2020-08-02;2020-08-08;Si;;;286.4841;185;6293.3597;4064;5.4236;41;2;25
CATALUNYA;CATALUNYA;2020-08-01;2020-08-07;--;;;0.0000;132;0.0000;1159;6.2776;49;28;0
CATALUNYA;CATALUNYA;2020-08-01;2020-08-07;Si;;;289.5812;187;6455.9588;4169;5.2662;46;1;26
CATALUNYA;CATALUNYA;2020-08-01;2020-08-07;No;160.359;0.997545;77.1760;5871;995.2169;75709;8.1080;450;75;32
CATALUNYA;CATALUNYA;2020-07-31;2020-08-06;No;163.744;1.0196;77.9384;5929;989.4330;75269;8.2937;459;81;34
CATALUNYA;CATALUNYA;2020-07-31;2020-08-06;--;;;0.0000;130;0.0000;1167;6.3213;65;30;0
CATALUNYA;CATALUNYA;2020-07-31;2020-08-06;Si;;;213.7016;138;6579.8439;4249;3.8688;47;1;28
CATALUNYA;CATALUNYA;2020-07-30;2020-08-05;No;168.336;1.03481;79.2661;6030;982.5580;74746;8.4489;449;75;38
CATALUNYA;CATALUNYA;2020-07-30;2020-08-05;--;;;0.0000;115;0.0000;1161;5.9083;72;29;0
CATALUNYA;CATALUNYA;2020-07-30;2020-08-05;Si;;;202.8617;131;6445.1189;4162;4.1572;51;1;29
CATALUNYA;CATALUNYA;2020-07-29;2020-08-04;--;;;0.0000;133;0.0000;1168;6.9869;75;29;0
CATALUNYA;CATALUNYA;2020-07-29;2020-08-04;Si;;;269.4499;174;6406.4048;4137;5.3500;57;0;28
CATALUNYA;CATALUNYA;2020-07-29;2020-08-04;No;171.516;1.04801;80.0942;6093;1012.1218;76995;8.3360;453;76;41
CATALUNYA;CATALUNYA;2020-07-28;2020-08-03;--;;;0.0000;132;0.0000;1104;7.2022;74;27;0
CATALUNYA;CATALUNYA;2020-07-28;2020-08-03;Si;;;301.9697;195;6339.8166;4094;5.6834;60;0;27
CATALUNYA;CATALUNYA;2020-07-28;2020-08-03;No;174.765;1.05574;81.5271;6202;1000.9088;76142;8.5034;465;79;40
CATALUNYA;CATALUNYA;2020-07-27;2020-08-02;No;177.09;1.06202;83.1834;6328;999.1211;76006;8.5011;469;87;45
CATALUNYA;CATALUNYA;2020-07-27;2020-08-02;--;;;0.0000;116;0.0000;1079;6.9129;85;7;0
CATALUNYA;CATALUNYA;2020-07-27;2020-08-02;Si;;;298.8726;193;6078.1095;3925;5.6879;60;0;27
CATALUNYA;CATALUNYA;2020-07-26;2020-08-01;--;;;0.0000;114;0.0000;1082;6.9877;84;5;0
CATALUNYA;CATALUNYA;2020-07-26;2020-08-01;Si;;;298.8726;193;6087.4008;3931;5.7331;56;0;28
CATALUNYA;CATALUNYA;2020-07-26;2020-08-01;No;177.116;1.0595;83.4726;6350;1010.3340;76859;8.5396;515;96;47
CATALUNYA;CATALUNYA;2020-07-25;2020-07-31;--;;;0.0000;117;0.0000;1100;6.8646;76;4;0
CATALUNYA;CATALUNYA;2020-07-25;2020-07-31;Si;;;306.6154;198;5988.2928;3867;5.8220;60;0;28
CATALUNYA;CATALUNYA;2020-07-25;2020-07-31;No;177.456;1.05606;83.5777;6358;1008.8223;76744;8.4754;510;98;49
CATALUNYA;CATALUNYA;2020-07-24;2020-07-30;No;175.895;1.06164;82.6575;6288;1009.1903;76772;8.2811;550;101;46
CATALUNYA;CATALUNYA;2020-07-24;2020-07-30;--;;;0.0000;126;0.0000;1075;7.5758;74;2;0
CATALUNYA;CATALUNYA;2020-07-24;2020-07-30;Si;;;315.9068;204;5873.6992;3793;6.0994;70;0;27
CATALUNYA;CATALUNYA;2020-07-23;2020-07-29;Si;;;280.2898;181;5934.0931;3832;5.1182;74;0;25
CATALUNYA;CATALUNYA;2020-07-23;2020-07-29;No;177.994;1.08463;83.4068;6345;1018.0108;77443;8.1701;586;107;38
CATALUNYA;CATALUNYA;2020-07-23;2020-07-29;--;;;0.0000;149;0.0000;1057;8.4697;76;2;0
CATALUNYA;CATALUNYA;2020-07-22;2020-07-28;--;;;0.0000;142;0.0000;1032;8.3004;76;1;0
CATALUNYA;CATALUNYA;2020-07-22;2020-07-28;Si;;;221.4444;143;6045.5896;3904;3.8218;63;0;24
CATALUNYA;CATALUNYA;2020-07-22;2020-07-28;No;179.531;1.11398;83.5646;6357;985.6603;74982;8.3824;603;138;37
CATALUNYA;CATALUNYA;2020-07-21;2020-07-27;No;179.836;1.15322;84.0115;6391;972.8568;74008;8.5291;622;153;39
CATALUNYA;CATALUNYA;2020-07-21;2020-07-27;--;;;0.0000;144;0.0000;1001;8.7576;82;1;0
CATALUNYA;CATALUNYA;2020-07-21;2020-07-27;Si;;;157.9534;102;5926.3503;3827;2.8457;62;0;21
CATALUNYA;CATALUNYA;2020-07-20;2020-07-26;Si;;;176.5361;114;6084.3037;3929;3.2501;57;2;19
CATALUNYA;CATALUNYA;2020-07-20;2020-07-26;No;179.191;1.19554;83.5646;6357;959.2251;72971;8.6328;645;155;39
CATALUNYA;CATALUNYA;2020-07-20;2020-07-26;--;;;0.0000;165;0.0000;984;9.2879;71;2;0
CATALUNYA;CATALUNYA;2020-07-19;2020-07-25;--;;;0.0000;168;0.0000;975;9.1571;62;2;0
CATALUNYA;CATALUNYA;2020-07-19;2020-07-25;Si;;;190.4732;123;6192.7031;3999;3.3978;68;2;13
CATALUNYA;CATALUNYA;2020-07-19;2020-07-25;No;185.389;1.25049;83.6960;6367;942.6094;71707;8.6957;608;151;39
CATALUNYA;CATALUNYA;2020-07-18;2020-07-24;No;195.9;1.34416;84.4585;6425;931.5543;70866;8.9132;599;142;32
CATALUNYA;CATALUNYA;2020-07-18;2020-07-24;--;;;0.0000;202;0.0000;999;11.6751;65;3;0
CATALUNYA;CATALUNYA;2020-07-18;2020-07-24;Si;;;229.1873;148;6203.5431;4006;4.6185;61;2;11
CATALUNYA;CATALUNYA;2020-07-17;2020-07-23;No;203.297;1.45941;83.0256;6316;887.6490;67526;9.2216;544;137;31
CATALUNYA;CATALUNYA;2020-07-17;2020-07-23;--;;;0.0000;216;0.0000;1064;12.2857;55;4;0
CATALUNYA;CATALUNYA;2020-07-17;2020-07-23;Si;;;219.8959;142;6127.6635;3957;4.7055;48;2;9
CATALUNYA;CATALUNYA;2020-07-16;2020-07-22;--;;;0.0000;223;0.0000;1048;12.9845;51;6;0
CATALUNYA;CATALUNYA;2020-07-16;2020-07-22;Si;;;233.8330;151;5852.0193;3779;4.7426;42;2;8
CATALUNYA;CATALUNYA;2020-07-16;2020-07-22;No;200.646;1.52851;80.6989;6139;841.7719;64036;9.4047;510;132;29
CATALUNYA;CATALUNYA;2020-07-15;2020-07-21;No;192.903;1.56664;77.5966;5903;797.2619;60650;9.3386;464;103;25
CATALUNYA;CATALUNYA;2020-07-15;2020-07-21;--;;;0.0000;225;0.0000;997;14.0530;49;9;0
CATALUNYA;CATALUNYA;2020-07-15;2020-07-21;Si;;;289.5812;187;5562.4380;3592;6.3457;44;2;9
CATALUNYA;CATALUNYA;2020-07-14;2020-07-20;No;180.147;1.59112;71.9310;5472;741.2893;56392;9.1248;447;79;19
CATALUNYA;CATALUNYA;2020-07-14;2020-07-20;--;;;0.0000;229;0.0000;963;14.0000;41;9;0
CATALUNYA;CATALUNYA;2020-07-14;2020-07-20;Si;;;288.0327;186;5508.2383;3557;6.3721;44;2;9
CATALUNYA;CATALUNYA;2020-07-13;2020-07-19;--;;;0.0000;204;0.0000;905;13.5955;39;8;0
CATALUNYA;CATALUNYA;2020-07-13;2020-07-19;Si;;;266.3528;172;5514.4326;3561;5.8879;44;0;7
CATALUNYA;CATALUNYA;2020-07-13;2020-07-19;No;164.884;1.61285;66.3180;5045;705.1134;53640;9.0471;406;76;13
CATALUNYA;CATALUNYA;2020-07-12;2020-07-18;--;;;0.0000;203;0.0000;911;13.8393;36;8;0
CATALUNYA;CATALUNYA;2020-07-12;2020-07-18;Si;;;253.9643;164;5427.7130;3505;5.9107;34;0;9
CATALUNYA;CATALUNYA;2020-07-12;2020-07-18;No;162.132;1.63557;64.5565;4911;693.4930;52756;8.8727;372;67;11
CATALUNYA;CATALUNYA;2020-07-11;2020-07-17;No;158.445;1.68649;61.2833;4662;661.6288;50332;8.6979;361;66;12
CATALUNYA;CATALUNYA;2020-07-11;2020-07-17;--;;;0.0000;174;0.0000;867;11.3850;31;6;0
CATALUNYA;CATALUNYA;2020-07-11;2020-07-17;Si;;;204.4103;132;5079.2864;3280;4.6303;32;0;9
CATALUNYA;CATALUNYA;2020-07-10;2020-07-16;--;;;0.0000;148;0.0000;754;9.9730;34;7;0
CATALUNYA;CATALUNYA;2020-07-10;2020-07-16;Si;;;195.1189;126;4980.1783;3216;4.4034;31;0;9
CATALUNYA;CATALUNYA;2020-07-10;2020-07-16;No;148.732;1.74983;56.2749;4281;621.9037;47310;8.5566;342;55;11
CATALUNYA;CATALUNYA;2020-07-09;2020-07-15;--;;;0.0000;112;0.0000;630;8.6957;26;5;0
CATALUNYA;CATALUNYA;2020-07-09;2020-07-15;Si;;;187.3761;121;5240.3369;3384;4.4319;24;0;10
CATALUNYA;CATALUNYA;2020-07-09;2020-07-15;No;136.364;1.80441;50.5699;3847;578.9844;44045;8.2955;315;53;10
CATALUNYA;CATALUNYA;2020-07-08;2020-07-14;No;123.465;1.82588;45.5352;3464;545.7531;41517;7.8912;322;51;12
CATALUNYA;CATALUNYA;2020-07-08;2020-07-14;--;;;0.0000;99;0.0000;546;7.8067;23;3;0
CATALUNYA;CATALUNYA;2020-07-08;2020-07-14;Si;;;136.2735;88;5059.1551;3267;3.1239;23;0;9
CATALUNYA;CATALUNYA;2020-07-07;2020-07-13;Si;;;165.6962;107;4967.7898;3208;2.9968;24;1;10
CATALUNYA;CATALUNYA;2020-07-07;2020-07-13;No;111.375;1.84147;41.2893;3141;528.5853;40211;7.3336;284;49;14
CATALUNYA;CATALUNYA;2020-07-07;2020-07-13;--;;;0.0000;74;0.0000;507;7.4148;20;4;0
CATALUNYA;CATALUNYA;2020-07-06;2020-07-12;--;;;0.0000;75;0.0000;462;8.3333;20;5;0
CATALUNYA;CATALUNYA;2020-07-06;2020-07-12;Si;;;150.2106;97;4645.6888;3000;2.8616;28;1;12
CATALUNYA;CATALUNYA;2020-07-06;2020-07-12;No;97.2513;1.8335;35.9129;2732;506.8430;38557;6.6511;263;37;12
CATALUNYA;CATALUNYA;2020-07-05;2020-07-11;No;93.2327;1.83032;34.5721;2630;495.8667;37722;6.5415;262;37;10
CATALUNYA;CATALUNYA;2020-07-05;2020-07-11;--;;;0.0000;71;0.0000;450;7.8829;23;5;0
CATALUNYA;CATALUNYA;2020-07-05;2020-07-11;Si;;;140.9192;91;4391.7244;2836;2.5082;28;1;10
CATALUNYA;CATALUNYA;2020-07-04;2020-07-10;Si;;;148.6620;96;4295.7135;2774;2.9114;29;1;9
CATALUNYA;CATALUNYA;2020-07-04;2020-07-10;No;86.1683;1.78807;32.6660;2485;482.1693;36680;6.3524;244;40;11
CATALUNYA;CATALUNYA;2020-07-04;2020-07-10;--;;;0.0000;62;0.0000;429;7.8014;24;5;0
CATALUNYA;CATALUNYA;2020-07-03;2020-07-09;--;;;0.0000;53;0.0000;377;6.7385;18;3;0
CATALUNYA;CATALUNYA;2020-07-03;2020-07-09;Si;;;133.1764;86;4010.7779;2590;2.7151;26;1;11
CATALUNYA;CATALUNYA;2020-07-03;2020-07-09;No;73.6453;1.71171;28.7224;2185;465.0147;35375;5.4389;251;35;13
CATALUNYA;CATALUNYA;2020-07-02;2020-07-08;No;62.5935;1.63463;25.0023;1902;449.1877;34171;4.9173;232;29;14
CATALUNYA;CATALUNYA;2020-07-02;2020-07-08;--;;;0.0000;45;0.0000;346;6.7449;17;3;0
CATALUNYA;CATALUNYA;2020-07-02;2020-07-08;Si;;;116.1422;75;3603.5059;2327;2.4116;29;1;11
CATALUNYA;CATALUNYA;2020-07-01;2020-07-07;No;53.7617;1.63592;22.0840;1680;436.8969;33236;4.4496;211;23;16
CATALUNYA;CATALUNYA;2020-07-01;2020-07-07;--;;;0.0000;38;0.0000;316;4.7923;17;2;0
CATALUNYA;CATALUNYA;2020-07-01;2020-07-07;Si;;;83.6223;54;3416.1298;2206;1.6027;28;1;10
CATALUNYA;CATALUNYA;2020-06-30;2020-07-06;--;;;0.0000;33;0.0000;303;3.6667;17;1;0
CATALUNYA;CATALUNYA;2020-06-30;2020-07-06;Si;;;40.2626;26;3284.5019;2121;1.4572;26;0;10
CATALUNYA;CATALUNYA;2020-06-30;2020-07-06;No;47.8544;1.64501;19.1921;1460;428.2736;32580;3.9343;188;22;17
CATALUNYA;CATALUNYA;2020-06-29;2020-07-05;No;43.5124;1.67941;17.1283;1303;429.8247;32698;3.7170;189;19;17
CATALUNYA;CATALUNYA;2020-06-29;2020-07-05;--;;;0.0000;24;0.0000;276;3.6630;16;0;0
CATALUNYA;CATALUNYA;2020-06-29;2020-07-05;Si;;;37.1655;24;3134.2913;2024;1.4916;24;0;10
CATALUNYA;CATALUNYA;2020-06-28;2020-07-04;No;41.6902;1.67715;16.3658;1245;429.3121;32659;3.6185;182;15;17
CATALUNYA;CATALUNYA;2020-06-28;2020-07-04;--;;;0.0000;24;0.0000;272;3.3457;11;0;0
CATALUNYA;CATALUNYA;2020-06-28;2020-07-04;Si;;;37.1655;24;3185.3939;2057;1.4706;23;0;11
CATALUNYA;CATALUNYA;2020-06-27;2020-07-03;--;;;0.0000;21;0.0000;283;2.8571;7;0;0
CATALUNYA;CATALUNYA;2020-06-27;2020-07-03;Si;;;24.7770;16;3211.7195;2074;0.9622;23;0;11
CATALUNYA;CATALUNYA;2020-06-27;2020-07-03;No;40.2244;1.69341;15.5245;1181;433.4397;32973;3.4310;189;13;15
CATALUNYA;CATALUNYA;2020-06-26;2020-07-02;--;;;0.0000;18;0.0000;290;3.1359;5;0;0
CATALUNYA;CATALUNYA;2020-06-26;2020-07-02;Si;;;38.7140;25;3397.5470;2194;1.4484;26;0;11
CATALUNYA;CATALUNYA;2020-06-26;2020-07-02;No;35.4232;1.65423;14.3020;1088;438.8161;33382;3.0923;162;17;13
CATALUNYA;CATALUNYA;2020-06-25;2020-07-01;No;31.7538;1.60186;13.2898;1011;423.8568;32244;2.7053;168;15;14
CATALUNYA;CATALUNYA;2020-06-25;2020-07-01;--;;;0.0000;18;0.0000;314;2.5723;4;1;0
CATALUNYA;CATALUNYA;2020-06-25;2020-07-01;Si;;;35.6169;23;3200.8795;2067;1.4221;26;0;11
CATALUNYA;CATALUNYA;2020-06-24;2020-06-30;--;;;0.0000;11;0.0000;270;2.2556;3;1;0
CATALUNYA;CATALUNYA;2020-06-24;2020-06-30;Si;;;35.6169;23;2830.7730;1828;1.7024;28;0;12
CATALUNYA;CATALUNYA;2020-06-24;2020-06-30;No;26.4212;1.51123;10.7791;820;375.8107;28589;2.4742;155;14;9
CATALUNYA;CATALUNYA;2020-06-23;2020-06-29;--;;;0.0000;19;0.0000;268;3.4351;3;1;0
CATALUNYA;CATALUNYA;2020-06-23;2020-06-29;Si;;;43.3597;28;2819.9331;1821;2.1705;29;0;11
CATALUNYA;CATALUNYA;2020-06-23;2020-06-29;No;23.6265;1.45533;9.8984;753;376.0473;28607;2.2860;164;15;6
CATALUNYA;CATALUNYA;2020-06-22;2020-06-28;No;20.8885;1.39146;8.7810;668;367.0822;27925;2.2636;164;19;10
CATALUNYA;CATALUNYA;2020-06-22;2020-06-28;--;;;0.0000;16;0.0000;258;2.7778;11;1;0
CATALUNYA;CATALUNYA;2020-06-22;2020-06-28;Si;;;43.3597;28;2875.6813;1857;2.1756;29;0;11
CATALUNYA;CATALUNYA;2020-06-21;2020-06-27;Si;;;43.3597;28;2819.9331;1821;2.2205;29;0;11
CATALUNYA;CATALUNYA;2020-06-21;2020-06-27;No;19.4213;1.34557;8.4918;646;365.1630;27779;2.1588;160;19;12
CATALUNYA;CATALUNYA;2020-06-21;2020-06-27;--;;;0.0000;16;0.0000;259;2.7668;11;1;0
CATALUNYA;CATALUNYA;2020-06-20;2020-06-26;--;;;0.0000;17;0.0000;246;2.9167;12;1;0
CATALUNYA;CATALUNYA;2020-06-20;2020-06-26;Si;;;43.3597;28;2818.3845;1820;2.2013;32;0;14
CATALUNYA;CATALUNYA;2020-06-20;2020-06-26;No;17.9017;1.27394;8.2289;626;363.7565;27672;2.1566;145;16;14
CATALUNYA;CATALUNYA;2020-06-19;2020-06-25;No;15.6885;1.19947;7.1116;541;350.7164;26680;1.8883;134;12;15
CATALUNYA;CATALUNYA;2020-06-19;2020-06-25;--;;;0.0000;16;0.0000;232;1.7778;14;1;0
CATALUNYA;CATALUNYA;2020-06-19;2020-06-25;Si;;;32.5198;21;2756.4420;1780;1.6611;34;0;13
CATALUNYA;CATALUNYA;2020-06-18;2020-06-24;Si;;;41.8111;27;3027.4405;1955;2.2154;33;0;12
CATALUNYA;CATALUNYA;2020-06-18;2020-06-24;No;14.3342;1.18141;6.5332;497;368.6334;28043;1.8529;134;17;16
CATALUNYA;CATALUNYA;2020-06-18;2020-06-24;--;;;0.0000;15;0.0000;223;2.3256;14;0;0
CATALUNYA;CATALUNYA;2020-06-17;2020-06-23;--;;;0.0000;15;0.0000;248;2.0833;14;0;0
CATALUNYA;CATALUNYA;2020-06-17;2020-06-23;Si;;;55.7482;36;3662.3513;2365;2.3591;33;0;12
CATALUNYA;CATALUNYA;2020-06-17;2020-06-23;No;14.8771;1.15249;6.7040;510;416.4560;31681;1.6738;154;20;19
CATALUNYA;CATALUNYA;2020-06-16;2020-06-22;No;13.9789;1.10542;6.3360;482;417.8757;31789;1.5134;151;19;19
CATALUNYA;CATALUNYA;2020-06-16;2020-06-22;--;;;0.0000;10;0.0000;257;1.2000;14;0;0
CATALUNYA;CATALUNYA;2020-06-16;2020-06-22;Si;;;55.7482;36;3868.3102;2498;2.3522;35;0;13
CATALUNYA;CATALUNYA;2020-06-15;2020-06-21;No;13.4001;1.06185;6.2308;474;431.9017;32856;1.4363;136;16;21
CATALUNYA;CATALUNYA;2020-06-15;2020-06-21;--;;;0.0000;10;0.0000;289;0.7067;5;0;0
CATALUNYA;CATALUNYA;2020-06-15;2020-06-21;Si;;;58.8453;38;3950.3840;2551;2.3912;31;1;17
CATALUNYA;CATALUNYA;2020-06-14;2020-06-20;--;;;0.0000;9;0.0000;293;0.6969;5;0;0
CATALUNYA;CATALUNYA;2020-06-14;2020-06-20;Si;;;66.5882;43;4007.6808;2588;2.7060;33;1;20
CATALUNYA;CATALUNYA;2020-06-14;2020-06-20;No;12.9193;1.0302;5.9416;452;431.4416;32821;1.3716;140;18;24
CATALUNYA;CATALUNYA;2020-06-13;2020-06-19;No;12.1007;0.952936;5.8233;443;432.6641;32914;1.2901;141;18;23
CATALUNYA;CATALUNYA;2020-06-13;2020-06-19;--;;;0.0000;8;0.0000;290;0.7042;4;0;0
CATALUNYA;CATALUNYA;2020-06-13;2020-06-19;Si;;;66.5882;43;4052.5891;2617;2.6914;29;1;20
CATALUNYA;CATALUNYA;2020-06-12;2020-06-18;No;11.8874;0.860429;5.9679;454;450.1868;34247;1.2865;150;21;23
CATALUNYA;CATALUNYA;2020-06-12;2020-06-18;--;;;0.0000;6;0.0000;324;0.9434;3;0;0
CATALUNYA;CATALUNYA;2020-06-12;2020-06-18;Si;;;88.2680;57;4568.2606;2950;3.3689;27;1;20
CATALUNYA;CATALUNYA;2020-06-11;2020-06-17;--;;;0.0000;6;0.0000;345;0.8824;3;0;0
CATALUNYA;CATALUNYA;2020-06-11;2020-06-17;Si;;;77.4281;50;4670.4658;3016;2.8345;28;1;24
CATALUNYA;CATALUNYA;2020-06-11;2020-06-17;No;11.1925;0.796491;5.5998;426;457.8505;34830;1.1942;144;20;22
CATALUNYA;CATALUNYA;2020-06-10;2020-06-16;--;;;0.0000;8;0.0000;362;1.1236;5;0;0
CATALUNYA;CATALUNYA;2020-06-10;2020-06-16;Si;;;80.5252;52;4856.2933;3136;2.9185;31;2;25
CATALUNYA;CATALUNYA;2020-06-10;2020-06-16;No;11.5206;0.778333;6.2045;472;470.5883;35799;1.3575;127;18;23
CATALUNYA;CATALUNYA;2020-06-09;2020-06-15;No;11.6178;0.769861;6.3097;480;473.0596;35987;1.3619;125;18;25
CATALUNYA;CATALUNYA;2020-06-09;2020-06-15;--;;;0.0000;6;0.0000;344;0.8902;4;0;0
CATALUNYA;CATALUNYA;2020-06-09;2020-06-15;Si;;;82.0738;53;5252.7254;3392;3.1590;31;2;22
CATALUNYA;CATALUNYA;2020-06-08;2020-06-14;--;;;0.0000;5;0.0000;350;0.8772;5;0;0
CATALUNYA;CATALUNYA;2020-06-08;2020-06-14;Si;;;111.4965;72;5542.3067;3579;3.4415;37;1;20
CATALUNYA;CATALUNYA;2020-06-08;2020-06-14;No;11.7729;0.790466;6.3886;486;477.5421;36328;1.3257;131;22;30
CATALUNYA;CATALUNYA;2020-06-07;2020-06-13;--;;;0.0000;6;0.0000;354;1.1561;6;0;0
CATALUNYA;CATALUNYA;2020-06-07;2020-06-13;Si;;;117.6907;76;5655.3518;3652;3.5627;35;1;19
CATALUNYA;CATALUNYA;2020-06-07;2020-06-13;No;13.1613;0.862377;6.5989;502;484.1148;36828;1.3609;133;24;31
CATALUNYA;CATALUNYA;2020-06-06;2020-06-12;No;15.0896;0.944779;6.8749;523;496.1953;37747;1.4178;147;30;33
CATALUNYA;CATALUNYA;2020-06-06;2020-06-12;--;;;0.0000;7;0.0000;366;1.1173;6;0;0
CATALUNYA;CATALUNYA;2020-06-06;2020-06-12;Si;;;120.7879;78;5852.0193;3779;3.6416;35;1;21
CATALUNYA;CATALUNYA;2020-06-05;2020-06-11;Si;;;116.1422;75;6132.3092;3960;3.3512;41;1;25
CATALUNYA;CATALUNYA;2020-06-05;2020-06-11;No;16.6778;0.994302;7.8477;597;510.1425;38808;1.5988;163;28;33
CATALUNYA;CATALUNYA;2020-06-05;2020-06-11;--;;;0.0000;7;0.0000;398;1.0256;7;0;0
CATALUNYA;CATALUNYA;2020-06-04;2020-06-10;--;;;0.0000;7;0.0000;442;0.6912;10;1;0
CATALUNYA;CATALUNYA;2020-06-04;2020-06-10;Si;;;147.1134;95;6617.0094;4273;3.3977;42;1;26
CATALUNYA;CATALUNYA;2020-06-04;2020-06-10;No;17.8483;1.00799;8.4524;643;523.0249;39788;1.6824;166;29;34
CATALUNYA;CATALUNYA;2020-06-03;2020-06-09;No;18.1904;1.00057;8.5970;654;533.1599;40559;1.6636;177;27;34
CATALUNYA;CATALUNYA;2020-06-03;2020-06-09;--;;;0.0000;6;0.0000;453;0.6726;10;1;0
CATALUNYA;CATALUNYA;2020-06-03;2020-06-09;Si;;;137.8221;89;6634.0436;4284;3.2939;41;0;37
CATALUNYA;CATALUNYA;2020-06-02;2020-06-08;Si;;;150.2106;97;6335.1709;4091;3.1739;42;0;44
CATALUNYA;CATALUNYA;2020-06-02;2020-06-08;No;18.7571;0.979344;8.7810;668;525.9957;40014;1.7013;188;27;34
CATALUNYA;CATALUNYA;2020-06-02;2020-06-08;--;;;0.0000;7;0.0000;466;0.6522;9;2;0
CATALUNYA;CATALUNYA;2020-06-01;2020-06-07;--;;;0.0000;8;0.0000;425;0.9524;10;3;0
CATALUNYA;CATALUNYA;2020-06-01;2020-06-07;Si;;;126.9821;82;6076.5609;3924;2.9543;37;0;46
CATALUNYA;CATALUNYA;2020-06-01;2020-06-07;No;19.2798;0.951147;8.5050;647;500.8619;38102;1.7675;189;24;26
CATALUNYA;CATALUNYA;2020-05-31;2020-06-06;No;18.6035;0.876296;8.6627;659;512.6795;39001;1.7564;194;23;26
CATALUNYA;CATALUNYA;2020-05-31;2020-06-06;--;;;0.0000;7;0.0000;436;0.6961;10;4;0
CATALUNYA;CATALUNYA;2020-05-31;2020-06-06;Si;;;117.6907;76;6417.2447;4144;2.4876;39;1;55
CATALUNYA;CATALUNYA;2020-05-30;2020-06-05;No;17.0269;0.792224;9.0965;692;530.0970;40326;1.7862;186;21;25
CATALUNYA;CATALUNYA;2020-05-30;2020-06-05;--;;;0.0000;7;0.0000;500;0.8081;12;4;0
CATALUNYA;CATALUNYA;2020-05-30;2020-06-05;Si;;;140.9192;91;7101.7096;4586;2.6438;40;1;57
CATALUNYA;CATALUNYA;2020-05-29;2020-06-04;--;;;0.0000;10;0.0000;494;1.4286;10;4;0
CATALUNYA;CATALUNYA;2020-05-29;2020-06-04;Si;;;173.4390;112;7389.7423;4772;3.1800;37;1;62
CATALUNYA;CATALUNYA;2020-05-29;2020-06-04;No;16.5737;0.754524;8.9256;679;532.2660;40491;1.7082;179;24;31
CATALUNYA;CATALUNYA;2020-05-28;2020-06-03;No;17.7314;0.753141;9.2542;704;547.0939;41619;1.7067;183;21;36
CATALUNYA;CATALUNYA;2020-05-28;2020-06-03;--;;;0.0000;15;0.0000;568;2.3256;8;3;0
CATALUNYA;CATALUNYA;2020-05-28;2020-06-03;Si;;;178.0847;115;7964.2591;5143;3.4526;45;2;64
CATALUNYA;CATALUNYA;2020-05-27;2020-06-02;No;18.5311;0.777557;9.5829;729;545.8845;41527;1.7401;180;23;41
CATALUNYA;CATALUNYA;2020-05-27;2020-06-02;--;;;0.0000;17;0.0000;661;2.1472;8;4;0
CATALUNYA;CATALUNYA;2020-05-27;2020-06-02;Si;;;188.9246;122;8187.2522;5287;3.4982;41;2;59
CATALUNYA;CATALUNYA;2020-05-26;2020-06-01;--;;;0.0000;16;0.0000;731;1.9471;10;3;0
CATALUNYA;CATALUNYA;2020-05-26;2020-06-01;Si;;;202.8617;131;9248.0178;5972;3.5016;40;3;60
CATALUNYA;CATALUNYA;2020-05-26;2020-06-01;No;20.673;0.815268;10.3716;789;569.3226;43310;1.8305;178;28;48
CATALUNYA;CATALUNYA;2020-05-25;2020-05-31;--;;;0.0000;15;0.0000;806;1.6414;11;2;0
CATALUNYA;CATALUNYA;2020-05-25;2020-05-31;Si;;;258.6100;167;10386.2115;6707;3.6949;43;4;65
CATALUNYA;CATALUNYA;2020-05-25;2020-05-31;No;22.8968;0.847192;11.7650;895;610.9143;46474;1.9332;183;34;53
CATALUNYA;CATALUNYA;2020-05-24;2020-05-30;No;23.6442;0.87357;12.5668;956;618.4202;47045;2.0546;186;32;56
CATALUNYA;CATALUNYA;2020-05-24;2020-05-30;--;;;0.0000;18;0.0000;866;1.8868;10;1;0
CATALUNYA;CATALUNYA;2020-05-24;2020-05-30;Si;;;280.2898;181;10867.8146;7018;3.8576;52;3;63
CATALUNYA;CATALUNYA;2020-05-23;2020-05-29;--;;;0.0000;17;0.0000;884;1.7341;8;1;0
CATALUNYA;CATALUNYA;2020-05-23;2020-05-29;Si;;;292.6783;189;11621.9648;7505;3.7053;57;3;72
CATALUNYA;CATALUNYA;2020-05-23;2020-05-29;No;25.4204;0.934204;12.3960;943;616.8297;46924;1.9989;185;28;66
CATALUNYA;CATALUNYA;2020-05-22;2020-05-28;--;;;0.0000;16;0.0000;908;1.4640;12;1;0
CATALUNYA;CATALUNYA;2020-05-22;2020-05-28;Si;;;311.2611;201;12651.7591;8170;3.5941;63;3;72
CATALUNYA;CATALUNYA;2020-05-22;2020-05-28;No;28.3763;1.03533;13.0401;992;617.5001;46975;2.1074;178;29;69
CATALUNYA;CATALUNYA;2020-05-21;2020-05-27;No;30.7152;1.12499;14.2889;1087;622.2324;47335;2.3445;203;33;77
CATALUNYA;CATALUNYA;2020-05-21;2020-05-27;--;;;0.0000;11;0.0000;851;0.8383;15;1;0
CATALUNYA;CATALUNYA;2020-05-21;2020-05-27;Si;;;331.3924;214;13805.4385;8915;3.5798;63;2;76
CATALUNYA;CATALUNYA;2020-05-20;2020-05-26;Si;;;413.4663;267;15140.2998;9777;4.0729;66;2;82
CATALUNYA;CATALUNYA;2020-05-20;2020-05-26;No;32.3851;1.18387;14.2494;1084;626.8595;47687;2.2890;217;35;85
CATALUNYA;CATALUNYA;2020-05-20;2020-05-26;--;;;0.0000;8;0.0000;789;0.7772;13;0;0
CATALUNYA;CATALUNYA;2020-05-19;2020-05-25;--;;;0.0000;12;0.0000;718;1.2766;13;0;0
CATALUNYA;CATALUNYA;2020-05-19;2020-05-25;Si;;;411.9177;266;15676.1025;10123;3.7483;72;2;84
CATALUNYA;CATALUNYA;2020-05-19;2020-05-25;No;33.6196;1.22605;14.9856;1140;636.1795;48396;2.4129;229;29;96
CATALUNYA;CATALUNYA;2020-05-18;2020-05-24;No;33.9268;1.23311;15.2616;1161;642.0292;48841;2.4166;237;29;101
CATALUNYA;CATALUNYA;2020-05-18;2020-05-24;--;;;0.0000;15;0.0000;671;1.6692;10;0;1
CATALUNYA;CATALUNYA;2020-05-18;2020-05-24;Si;;;367.0094;237;16012.1407;10340;3.3982;73;2;75
CATALUNYA;CATALUNYA;2020-05-17;2020-05-23;Si;;;351.5237;227;16118.9915;10409;3.1746;69;2;75
CATALUNYA;CATALUNYA;2020-05-17;2020-05-23;No;32.9671;1.22396;14.4992;1103;629.0679;47855;2.3394;231;31;108
CATALUNYA;CATALUNYA;2020-05-17;2020-05-23;--;;;0.0000;12;0.0000;593;1.3675;11;0;1
CATALUNYA;CATALUNYA;2020-05-16;2020-05-22;--;;;0.0000;12;0.0000;504;1.6097;15;0;1
CATALUNYA;CATALUNYA;2020-05-16;2020-05-22;Si;;;343.7809;222;15601.7715;10075;3.2347;66;2;72
CATALUNYA;CATALUNYA;2020-05-16;2020-05-22;No;32.0523;1.17907;14.8147;1127;632.7486;48135;2.4253;235;33;109
CATALUNYA;CATALUNYA;2020-05-15;2020-05-21;No;29.8499;1.13086;14.3678;1093;613.5828;46677;2.4038;257;33;116
CATALUNYA;CATALUNYA;2020-05-15;2020-05-21;--;;;0.0000;10;0.0000;417;1.4563;14;0;1
CATALUNYA;CATALUNYA;2020-05-15;2020-05-21;Si;;;337.5867;218;14539.4573;9389;3.3993;68;2;84
CATALUNYA;CATALUNYA;2020-05-14;2020-05-20;No;27.2815;1.10451;13.0138;990;600.6084;45690;2.1516;249;31;113
CATALUNYA;CATALUNYA;2020-05-14;2020-05-20;--;;;0.0000;12;0.0000;333;2.1277;13;0;1
CATALUNYA;CATALUNYA;2020-05-14;2020-05-20;Si;;;359.2666;232;13658.3250;8820;3.5602;76;2;87
CATALUNYA;CATALUNYA;2020-05-13;2020-05-19;--;;;0.0000;13;0.0000;312;1.9544;14;0;1
CATALUNYA;CATALUNYA;2020-05-13;2020-05-19;Si;;;319.0039;206;13658.3250;8820;3.1970;78;2;91
CATALUNYA;CATALUNYA;2020-05-13;2020-05-19;No;27.4668;1.10379;13.1058;997;586.6086;44625;2.2184;264;34;113
CATALUNYA;CATALUNYA;2020-05-12;2020-05-18;No;26.3967;1.09731;12.4354;946;557.4129;42404;2.1015;279;42;114
CATALUNYA;CATALUNYA;2020-05-12;2020-05-18;--;;;0.0000;8;0.0000;307;0.9967;15;0;2
CATALUNYA;CATALUNYA;2020-05-12;2020-05-18;Si;;;351.5237;227;13359.4524;8627;3.5808;77;1;100
CATALUNYA;CATALUNYA;2020-05-11;2020-05-17;No;25.9491;1.10219;12.2514;932;535.5392;40740;2.1259;298;39;122
CATALUNYA;CATALUNYA;2020-05-11;2020-05-17;--;;;0.0000;9;0.0000;302;0.6734;17;0;1
CATALUNYA;CATALUNYA;2020-05-11;2020-05-17;Si;;;371.6551;240;13306.8012;8593;3.9177;85;0;133
CATALUNYA;CATALUNYA;2020-05-10;2020-05-16;--;;;0.0000;9;0.0000;309;0.6601;16;0;1
CATALUNYA;CATALUNYA;2020-05-10;2020-05-16;Si;;;397.9806;257;12722.9930;8216;4.4344;88;0;150
CATALUNYA;CATALUNYA;2020-05-10;2020-05-16;No;26.208;1.10824;12.4354;946;529.5186;40282;2.1391;314;41;129
CATALUNYA;CATALUNYA;2020-05-09;2020-05-15;--;;;0.0000;10;0.0000;337;0.9091;12;0;1
CATALUNYA;CATALUNYA;2020-05-09;2020-05-15;Si;;;456.8260;295;12733.8330;8223;4.9814;93;0;166
CATALUNYA;CATALUNYA;2020-05-09;2020-05-15;No;25.9122;1.09695;12.3697;941;512.2720;38970;2.1180;339;45;126
CATALUNYA;CATALUNYA;2020-05-08;2020-05-14;No;25.0771;1.07901;12.0279;915;497.1944;37823;2.0357;350;50;133
CATALUNYA;CATALUNYA;2020-05-08;2020-05-14;--;;;0.0000;12;0.0000;353;0.8671;12;0;2
CATALUNYA;CATALUNYA;2020-05-08;2020-05-14;Si;;;470.7631;304;13068.3225;8439;4.8358;96;1;169
CATALUNYA;CATALUNYA;2020-05-07;2020-05-13;--;;;0.0000;12;0.0000;416;0.9756;11;1;2
CATALUNYA;CATALUNYA;2020-05-07;2020-05-13;Si;;;463.0203;299;13071.4197;8441;4.6463;92;1;201
CATALUNYA;CATALUNYA;2020-05-07;2020-05-13;No;24.8624;1.02457;11.6861;889;477.9759;36361;2.0890;359;52;155
CATALUNYA;CATALUNYA;2020-05-06;2020-05-12;--;;;0.0000;16;0.0000;427;1.6509;13;2;2
CATALUNYA;CATALUNYA;2020-05-06;2020-05-12;Si;;;529.6085;342;13562.3141;8758;4.7040;97;1;232
CATALUNYA;CATALUNYA;2020-05-06;2020-05-12;No;24.7672;0.95398;11.7781;896;482.0378;36670;2.0416;375;48;170
CATALUNYA;CATALUNYA;2020-05-05;2020-05-11;No;23.9279;0.881909;11.6204;884;476.7271;36266;2.0144;398;45;190
CATALUNYA;CATALUNYA;2020-05-05;2020-05-11;--;;;0.0000;18;0.0000;440;1.8391;14;3;2
CATALUNYA;CATALUNYA;2020-05-05;2020-05-11;Si;;;568.3225;367;13918.4836;8988;4.6291;104;1;260
CATALUNYA;CATALUNYA;2020-05-04;2020-05-10;Si;;;631.8136;408;14553.3944;9398;4.6284;110;2;277
CATALUNYA;CATALUNYA;2020-05-04;2020-05-10;No;23.4252;0.834279;11.2918;859;476.0567;36215;2.0039;401;43;202
CATALUNYA;CATALUNYA;2020-05-04;2020-05-10;--;;;0.0000;22;0.0000;480;2.3305;14;4;2
CATALUNYA;CATALUNYA;2020-05-03;2020-05-09;--;;;0.0000;24;0.0000;488;2.7027;17;4;2
CATALUNYA;CATALUNYA;2020-05-03;2020-05-09;Si;;;622.5222;402;15411.2983;9952;4.1925;110;3;301
CATALUNYA;CATALUNYA;2020-05-03;2020-05-09;No;22.6947;0.784749;11.2129;853;482.8397;36731;1.9983;401;42;216
CATALUNYA;CATALUNYA;2020-05-02;2020-05-08;No;22.279;0.742368;11.2523;856;481.7618;36649;2.0316;390;40;240
CATALUNYA;CATALUNYA;2020-05-02;2020-05-08;--;;;0.0000;23;0.0000;497;2.4490;20;4;3
CATALUNYA;CATALUNYA;2020-05-02;2020-05-08;Si;;;628.7165;406;15383.4241;9934;3.8951;118;3;329
CATALUNYA;CATALUNYA;2020-05-01;2020-05-07;Si;;;659.6878;426;15965.6838;10310;3.6246;115;2;367
CATALUNYA;CATALUNYA;2020-05-01;2020-05-07;No;22.437;0.669878;11.2129;853;465.2776;35395;2.1603;378;31;239
CATALUNYA;CATALUNYA;2020-05-01;2020-05-07;--;;;0.0000;23;0.0000;597;2.3850;28;6;4
CATALUNYA;CATALUNYA;2020-04-30;2020-05-06;--;;;0.0000;27;0.0000;660;2.1605;26;5;4
CATALUNYA;CATALUNYA;2020-04-30;2020-05-06;Si;;;757.2472;489;17619.5490;11378;3.7943;99;2;376
CATALUNYA;CATALUNYA;2020-04-30;2020-05-06;No;23.8416;0.651239;12.5800;957;486.2049;36987;2.3395;330;23;243
CATALUNYA;CATALUNYA;2020-04-29;2020-05-05;No;26.0138;0.635908;14.1837;1079;488.6631;37174;2.6168;259;19;251
CATALUNYA;CATALUNYA;2020-04-29;2020-05-05;--;;;0.0000;29;0.0000;687;2.0990;23;4;4
CATALUNYA;CATALUNYA;2020-04-29;2020-05-05;Si;;;907.4578;586;18170.8374;11734;3.7030;87;2;393
CATALUNYA;CATALUNYA;2020-04-28;2020-05-04;No;28.3157;0.638049;15.5114;1180;507.0533;38573;2.9049;178;12;259
CATALUNYA;CATALUNYA;2020-04-28;2020-05-04;--;;;0.0000;39;0.0000;784;2.8758;19;3;3
CATALUNYA;CATALUNYA;2020-04-28;2020-05-04;Si;;;1080.8969;698;19428.2705;12546;4.5196;68;2;424
CATALUNYA;CATALUNYA;2020-04-27;2020-05-03;--;;;0.0000;43;0.0000;757;3.7838;17;2;3
CATALUNYA;CATALUNYA;2020-04-27;2020-05-03;Si;;;1093.2854;706;20230.4261;13064;4.2632;47;1;448
CATALUNYA;CATALUNYA;2020-04-27;2020-05-03;No;31.244;0.638416;16.7865;1277;504.7003;38394;3.1200;118;9;265
CATALUNYA;CATALUNYA;2020-04-26;2020-05-02;No;33.6955;0.664414;17.7067;1347;519.4099;39513;3.2327;83;5;285
CATALUNYA;CATALUNYA;2020-04-26;2020-05-02;--;;;0.0000;44;0.0000;760;3.9242;14;2;3
CATALUNYA;CATALUNYA;2020-04-26;2020-05-02;Si;;;1243.4960;803;20876.1769;13481;4.9153;35;0;468
CATALUNYA;CATALUNYA;2020-04-25;2020-05-01;No;36.46;0.687049;18.7583;1427;530.5571;40361;3.4358;46;1;304
CATALUNYA;CATALUNYA;2020-04-25;2020-05-01;--;;;0.0000;49;0.0000;738;4.4630;11;2;2
CATALUNYA;CATALUNYA;2020-04-25;2020-05-01;Si;;;1358.0896;877;21895.1313;14139;5.4632;16;0;490
CATALUNYA;CATALUNYA;2020-04-24;2020-04-30;--;;;0.0000;58;0.0000;629;6.4356;0;0;0
CATALUNYA;CATALUNYA;2020-04-24;2020-04-30;Si;;;1599.6655;1033;23744.1154;15333;6.5724;0;0;514
CATALUNYA;CATALUNYA;2020-04-24;2020-04-30;No;42.942;0.732778;22.2812;1695;554.9811;42219;3.9726;0;0;341
CATALUNYA;CATALUNYA;2020-04-23;2020-04-29;--;;;0.0000;53;0.0000;530;7.5397;0;0;1
CATALUNYA;CATALUNYA;2020-04-23;2020-04-29;Si;;;1906.2809;1231;23115.3989;14927;8.1122;0;0;537
CATALUNYA;CATALUNYA;2020-04-23;2020-04-29;No;46.9264;0.75091;24.0295;1828;540.3372;41105;4.5626;0;0;357
CATALUNYA;CATALUNYA;2020-04-22;2020-04-28;No;51.919;0.782414;26.7243;2033;537.9185;40921;5.3114;0;0;374
CATALUNYA;CATALUNYA;2020-04-22;2020-04-28;--;;;0.0000;55;0.0000;483;9.2873;0;0;4
CATALUNYA;CATALUNYA;2020-04-22;2020-04-28;Si;;;2228.3820;1439;24365.0891;15734;10.5155;0;0;561
CATALUNYA;CATALUNYA;2020-04-21;2020-04-27;--;;;0.0000;50;0.0000;382;10.7735;0;0;4
CATALUNYA;CATALUNYA;2020-04-21;2020-04-27;Si;;;2638.7512;1704;25535.8027;16490;11.9474;0;0;607
CATALUNYA;CATALUNYA;2020-04-21;2020-04-27;No;57.2467;0.802307;28.8670;2196;519.2259;39499;6.0296;0;0;397
CATALUNYA;CATALUNYA;2020-04-20;2020-04-26;--;;;0.0000;42;0.0000;348;9.8462;0;0;4
CATALUNYA;CATALUNYA;2020-04-20;2020-04-26;Si;;;3072.3488;1984;25506.3800;16471;14.2277;0;0;645
CATALUNYA;CATALUNYA;2020-04-20;2020-04-26;No;61.444;0.828615;32.1533;2446;516.9517;39326;6.8470;0;0;435
CATALUNYA;CATALUNYA;2020-04-19;2020-04-25;No;64.554;0.840029;33.0078;2511;501.7821;38172;7.3587;0;0;449
CATALUNYA;CATALUNYA;2020-04-19;2020-04-25;--;;;0.0000;40;0.0000;335;9.1772;0;0;4
CATALUNYA;CATALUNYA;2020-04-19;2020-04-25;Si;;;3238.0450;2091;25642.6536;16559;15.0491;0;0;706
CATALUNYA;CATALUNYA;2020-04-18;2020-04-24;Si;;;3634.4772;2347;26734.3904;17264;16.2105;0;0;765
CATALUNYA;CATALUNYA;2020-04-18;2020-04-24;No;68.9253;0.862534;34.3092;2610;489.9644;37273;7.8442;0;0;462
CATALUNYA;CATALUNYA;2020-04-18;2020-04-24;--;;;0.0000;40;0.0000;325;9.1803;0;0;5
CATALUNYA;CATALUNYA;2020-04-17;2020-04-23;--;;;0.0000;39;0.0000;309;7.8498;0;0;7
CATALUNYA;CATALUNYA;2020-04-17;2020-04-23;Si;;;4798.9965;3099;26373.5753;17031;19.5585;0;0;831
CATALUNYA;CATALUNYA;2020-04-17;2020-04-23;No;71.3483;0.869401;36.3204;2763;470.6934;35807;8.6889;0;0;495
CATALUNYA;CATALUNYA;2020-04-16;2020-04-22;No;76.868;0.87696;38.4631;2926;453.5388;34502;9.6461;0;0;524
CATALUNYA;CATALUNYA;2020-04-16;2020-04-22;--;;;0.0000;42;0.0000;284;9.5588;0;0;8
CATALUNYA;CATALUNYA;2020-04-16;2020-04-22;Si;;;5348.7363;3454;26599.6655;17177;21.3166;0;0;908
CATALUNYA;CATALUNYA;2020-04-15;2020-04-21;Si;;;5870.6020;3791;24965.9316;16122;23.6650;0;0;983
CATALUNYA;CATALUNYA;2020-04-15;2020-04-21;No;79.4791;0.86659;39.6330;3015;428.7994;32620;10.5852;0;0;556
CATALUNYA;CATALUNYA;2020-04-15;2020-04-21;--;;;0.0000;41;0.0000;293;7.8571;0;0;8
CATALUNYA;CATALUNYA;2020-04-14;2020-04-20;--;;;0.0000;41;0.0000;278;7.5188;0;0;8
CATALUNYA;CATALUNYA;2020-04-14;2020-04-20;Si;;;6057.9781;3912;22149.0956;14303;26.8030;0;0;1023
CATALUNYA;CATALUNYA;2020-04-14;2020-04-20;No;83.0312;0.861369;42.4855;3232;412.5124;31381;11.7219;0;0;589
CATALUNYA;CATALUNYA;2020-04-13;2020-04-19;No;87.4912;0.844312;41.9992;3195;384.0923;29219;12.3492;0;0;597
CATALUNYA;CATALUNYA;2020-04-13;2020-04-19;--;;;0.0000;41;0.0000;262;7.9365;0;0;8
CATALUNYA;CATALUNYA;2020-04-13;2020-04-19;Si;;;5961.9672;3850;19999.6902;12915;27.9930;0;0;1083
CATALUNYA;CATALUNYA;2020-04-12;2020-04-18;No;88.0601;0.825303;43.8395;3335;380.5562;28950;12.9625;0;0;624
CATALUNYA;CATALUNYA;2020-04-12;2020-04-18;--;;;0.0000;43;0.0000;258;8.0972;0;0;9
CATALUNYA;CATALUNYA;2020-04-12;2020-04-18;Si;;;5912.4132;3818;19025.6442;12286;29.2651;0;0;1156
CATALUNYA;CATALUNYA;2020-04-11;2020-04-17;--;;;0.0000;41;0.0000;293;6.8592;0;0;11
CATALUNYA;CATALUNYA;2020-04-11;2020-04-17;Si;;;5915.5104;3820;17450.7556;11269;31.9299;0;0;1216
CATALUNYA;CATALUNYA;2020-04-11;2020-04-17;No;87.0622;0.791098;45.6010;3469;372.7610;28357;13.8037;0;0;674
CATALUNYA;CATALUNYA;2020-04-10;2020-04-16;No;88.9705;0.771222;45.7456;3480;348.2187;26490;14.8271;0;0;707
CATALUNYA;CATALUNYA;2020-04-10;2020-04-16;--;;;0.0000;36;0.0000;267;7.9365;0;0;9
CATALUNYA;CATALUNYA;2020-04-10;2020-04-16;Si;;;5209.3657;3364;15069.0659;9731;33.1289;0;0;1254
CATALUNYA;CATALUNYA;2020-04-09;2020-04-15;No;93.3476;0.762997;49.1896;3742;347.0620;26402;15.9434;0;0;781
CATALUNYA;CATALUNYA;2020-04-09;2020-04-15;--;;;0.0000;52;0.0000;281;11.0266;0;0;8
CATALUNYA;CATALUNYA;2020-04-09;2020-04-15;Si;;;5052.9608;3263;13893.7066;8972;34.3231;0;0;1302
CATALUNYA;CATALUNYA;2020-04-08;2020-04-14;--;;;0.0000;51;0.0000;274;11.3725;0;0;6
CATALUNYA;CATALUNYA;2020-04-08;2020-04-14;Si;;;4710.7284;3042;12379.2120;7994;35.3222;0;0;1338
CATALUNYA;CATALUNYA;2020-04-08;2020-04-14;No;99.5034;0.773346;52.0816;3962;347.1803;26411;17.0152;0;0;834
CATALUNYA;CATALUNYA;2020-04-07;2020-04-13;--;;;0.0000;55;0.0000;257;14.2857;0;0;7
CATALUNYA;CATALUNYA;2020-04-07;2020-04-13;Si;;;4453.6669;2876;11408.2631;7367;35.9154;0;0;1394
CATALUNYA;CATALUNYA;2020-04-07;2020-04-13;No;106.506;0.78396;53.9088;4101;348.3633;26501;18.0529;0;0;873
CATALUNYA;CATALUNYA;2020-04-06;2020-04-12;No;119.894;0.792066;61.6251;4688;362.7180;27593;19.5480;0;0;950
CATALUNYA;CATALUNYA;2020-04-06;2020-04-12;--;;;0.0000;63;0.0000;283;14.8289;0;0;8
CATALUNYA;CATALUNYA;2020-04-06;2020-04-12;Si;;;4572.9063;2953;11112.4876;7176;38.0395;0;0;1408
CATALUNYA;CATALUNYA;2020-04-05;2020-04-11;--;;;0.0000;67;0.0000;293;16.8498;0;0;9
CATALUNYA;CATALUNYA;2020-04-05;2020-04-11;Si;;;4493.9296;2902;10356.7888;6688;39.7167;0;0;1400
CATALUNYA;CATALUNYA;2020-04-05;2020-04-11;No;123.43;0.785087;62.8607;4782;361.3640;27490;20.2438;0;0;999
CATALUNYA;CATALUNYA;2020-04-04;2020-04-10;--;;;0.0000;72;0.0000;266;20.3187;0;0;9
CATALUNYA;CATALUNYA;2020-04-04;2020-04-10;Si;;;4224.4796;2728;9336.2859;6029;41.4630;0;0;1387
CATALUNYA;CATALUNYA;2020-04-04;2020-04-10;No;126.109;0.768895;64.4513;4903;361.8241;27525;21.2870;0;0;1047
CATALUNYA;CATALUNYA;2020-04-03;2020-04-09;No;131.322;0.751415;69.6174;5296;375.7318;28583;22.5120;0;0;1106
CATALUNYA;CATALUNYA;2020-04-03;2020-04-09;--;;;0.0000;78;0.0000;339;17.9245;0;0;10
CATALUNYA;CATALUNYA;2020-04-03;2020-04-09;Si;;;4068.0748;2627;8898.0426;5746;43.5696;0;0;1394
CATALUNYA;CATALUNYA;2020-04-02;2020-04-08;Si;;;3674.7398;2373;7639.0609;4933;46.7682;0;0;1374
CATALUNYA;CATALUNYA;2020-04-02;2020-04-08;No;137.137;0.739994;73.1535;5565;369.6587;28121;24.1060;0;0;1155
CATALUNYA;CATALUNYA;2020-04-02;2020-04-08;--;;;0.0000;65;0.0000;337;16.0256;0;0;11
CATALUNYA;CATALUNYA;2020-04-01;2020-04-07;--;;;0.0000;73;0.0000;344;18.1818;0;0;11
CATALUNYA;CATALUNYA;2020-04-01;2020-04-07;Si;;;3428.5183;2214;6980.9217;4508;49.0595;0;0;1329
CATALUNYA;CATALUNYA;2020-04-01;2020-04-07;No;144.94;0.738267;76.5844;5826;361.5744;27506;25.6745;0;0;1213
CATALUNYA;CATALUNYA;2020-03-31;2020-04-06;No;155.474;0.744327;81.9477;6234;357.5519;27200;28.0706;0;0;1323
CATALUNYA;CATALUNYA;2020-03-31;2020-04-06;--;;;0.0000;79;0.0000;361;19.6429;0;0;10
CATALUNYA;CATALUNYA;2020-03-31;2020-04-06;Si;;;3239.5936;2092;6491.5758;4192;50.6540;0;0;1252
CATALUNYA;CATALUNYA;2020-03-30;2020-04-05;Si;;;3135.8399;2025;6541.1298;4224;49.5683;0;0;1218
CATALUNYA;CATALUNYA;2020-03-30;2020-04-05;No;169.058;0.757315;89.7429;6827;365.7677;27825;29.4502;0;0;1420
CATALUNYA;CATALUNYA;2020-03-30;2020-04-05;--;;;0.0000;78;0.0000;325;21.4521;0;0;11
CATALUNYA;CATALUNYA;2020-03-29;2020-04-04;--;;;0.0000;80;0.0000;327;21.2418;0;0;10
CATALUNYA;CATALUNYA;2020-03-29;2020-04-04;Si;;;3272.1134;2113;6757.9286;4364;50.3489;0;0;1146
CATALUNYA;CATALUNYA;2020-03-29;2020-04-04;No;177.459;0.774161;94.3569;7178;376.1919;28618;30.6344;0;0;1497
CATALUNYA;CATALUNYA;2020-03-28;2020-04-03;No;189.22;0.805062;99.5624;7574;383.5139;29175;32.3333;0;0;1564
CATALUNYA;CATALUNYA;2020-03-28;2020-04-03;--;;;0.0000;82;0.0000;312;23.2082;0;0;8
CATALUNYA;CATALUNYA;2020-03-28;2020-04-03;Si;;;3270.5649;2112;6730.0545;4346;50.3659;0;0;1063
CATALUNYA;CATALUNYA;2020-03-27;2020-04-02;No;208.023;0.858418;105.1491;7999;374.0755;28457;34.5801;0;0;1612
CATALUNYA;CATALUNYA;2020-03-27;2020-04-02;--;;;0.0000;84;0.0000;245;29.5652;0;0;8
CATALUNYA;CATALUNYA;2020-03-27;2020-04-02;Si;;;2976.3379;1922;6005.3270;3878;51.1946;0;0;967
CATALUNYA;CATALUNYA;2020-03-26;2020-04-01;--;;;0.0000;88;0.0000;210;35.8209;0;0;8
CATALUNYA;CATALUNYA;2020-03-26;2020-04-01;Si;;;2881.8756;1861;5672.3860;3663;51.4845;0;0;867
CATALUNYA;CATALUNYA;2020-03-26;2020-04-01;No;227.115;0.921553;112.1687;8533;368.4099;28026;37.2794;0;0;1628
CATALUNYA;CATALUNYA;2020-03-25;2020-03-31;No;247.038;0.989879;119.7404;9109;364.9264;27761;39.3454;0;0;1638
CATALUNYA;CATALUNYA;2020-03-25;2020-03-31;--;;;0.0000;89;0.0000;171;45.1220;0;0;9
CATALUNYA;CATALUNYA;2020-03-25;2020-03-31;Si;;;2632.5569;1700;5119.5490;3306;52.4194;0;0;769
CATALUNYA;CATALUNYA;2020-03-24;2020-03-30;No;265.162;1.0683;126.9309;9656;358.1040;27242;40.9482;0;0;1564
CATALUNYA;CATALUNYA;2020-03-24;2020-03-30;--;;;0.0000;83;0.0000;170;42.6829;0;0;9
CATALUNYA;CATALUNYA;2020-03-24;2020-03-30;Si;;;2500.9291;1615;4831.5163;3120;52.4788;0;0;679
CATALUNYA;CATALUNYA;2020-03-23;2020-03-29;--;;;0.0000;86;0.0000;175;44.3787;0;0;8
CATALUNYA;CATALUNYA;2020-03-23;2020-03-29;Si;;;2274.8389;1469;4195.0569;2709;54.3768;0;0;581
CATALUNYA;CATALUNYA;2020-03-23;2020-03-29;No;277.0;1.13793;133.4904;10155;341.9484;26013;42.2351;0;0;1455
CATALUNYA;CATALUNYA;2020-03-22;2020-03-28;--;;;0.0000;88;0.0000;173;46.3855;0;0;7
CATALUNYA;CATALUNYA;2020-03-22;2020-03-28;Si;;;2047.2001;1322;3623.6372;2340;53.8991;0;0;497
CATALUNYA;CATALUNYA;2020-03-22;2020-03-28;No;290.86;1.21688;134.8707;10260;334.5082;25447;42.6552;0;0;1345
CATALUNYA;CATALUNYA;2020-03-21;2020-03-27;No;310.725;1.34252;135.4753;10306;324.9647;24721;42.9447;0;0;1205
CATALUNYA;CATALUNYA;2020-03-21;2020-03-27;--;;;0.0000;88;0.0000;183;43.7500;0;0;6
CATALUNYA;CATALUNYA;2020-03-21;2020-03-27;Si;;;1842.7898;1190;3049.1204;1969;54.3295;0;0;425
CATALUNYA;CATALUNYA;2020-03-20;2020-03-26;--;;;0.0000;74;0.0000;169;40.2439;0;0;5
CATALUNYA;CATALUNYA;2020-03-20;2020-03-26;Si;;;1656.9623;1070;2730.1164;1763;52.6995;0;0;346
CATALUNYA;CATALUNYA;2020-03-20;2020-03-26;No;351.402;1.59509;137.1842;10436;316.2231;24056;43.1974;0;0;1056
CATALUNYA;CATALUNYA;2020-03-19;2020-03-25;--;;;0.0000;68;0.0000;164;38.5093;0;0;3
CATALUNYA;CATALUNYA;2020-03-19;2020-03-25;Si;;;1437.0664;928;2456.0208;1586;51.2052;0;0;290
CATALUNYA;CATALUNYA;2020-03-19;2020-03-25;No;375.99;1.8407;134.2791;10215;305.2336;23220;42.1375;0;0;893
CATALUNYA;CATALUNYA;2020-03-18;2020-03-24;No;394.956;2.12817;129.8229;9876;289.5776;22029;40.9524;0;0;746
CATALUNYA;CATALUNYA;2020-03-18;2020-03-24;--;;;0.0000;61;0.0000;153;36.8421;0;0;1
CATALUNYA;CATALUNYA;2020-03-18;2020-03-24;Si;;;1257.4331;812;2212.8964;1429;48.3731;0;0;251
CATALUNYA;CATALUNYA;2020-03-17;2020-03-23;Si;;;1045.2799;675;1879.9554;1214;46.6837;0;0;219
CATALUNYA;CATALUNYA;2020-03-17;2020-03-23;No;413.447;2.50574;121.2784;9226;269.2024;20479;38.9337;0;0;603
CATALUNYA;CATALUNYA;2020-03-17;2020-03-23;--;;;0.0000;53;0.0000;109;43.5185;0;0;1
CATALUNYA;CATALUNYA;2020-03-16;2020-03-22;--;;;0.0000;42;0.0000;95;39.3617;0;0;0
CATALUNYA;CATALUNYA;2020-03-16;2020-03-22;Si;;;857.9038;554;1636.8310;1057;45.6055;0;0;182
CATALUNYA;CATALUNYA;2020-03-16;2020-03-22;No;413.722;2.99857;109.9340;8363;252.2581;19190;37.3480;0;0;480
CATALUNYA;CATALUNYA;2020-03-15;2020-03-21;No;447.998;3.5412;104.1501;7923;242.3991;18440;35.8609;0;0;395
CATALUNYA;CATALUNYA;2020-03-15;2020-03-21;--;;;0.0000;34;0.0000;89;34.8315;0;0;0
CATALUNYA;CATALUNYA;2020-03-15;2020-03-21;Si;;;792.8642;512;1568.6942;1013;44.7262;0;0;158
CATALUNYA;CATALUNYA;2020-03-14;2020-03-20;Si;;;667.4306;431;1320.9241;853;42.7208;0;0;144
CATALUNYA;CATALUNYA;2020-03-14;2020-03-20;No;454.613;3.9912;95.9737;7301;228.9515;17417;33.0595;0;0;332
CATALUNYA;CATALUNYA;2020-03-14;2020-03-20;--;;;0.0000;27;0.0000;75;33.3333;0;0;0
CATALUNYA;CATALUNYA;2020-03-13;2020-03-19;--;;;0.0000;29;0.0000;77;33.7662;0;0;0
CATALUNYA;CATALUNYA;2020-03-13;2020-03-19;Si;;;511.0257;330;1119.6110;723;39.5218;0;0;131
CATALUNYA;CATALUNYA;2020-03-13;2020-03-19;No;400.868;4.25851;83.1176;6323;208.5106;15862;29.5351;0;0;266
CATALUNYA;CATALUNYA;2020-03-12;2020-03-18;No;348.169;4.54387;69.9855;5324;177.9346;13536;27.0186;0;0;219
CATALUNYA;CATALUNYA;2020-03-12;2020-03-18;--;;;0.0000;23;0.0000;62;32.2581;0;0;0
CATALUNYA;CATALUNYA;2020-03-12;2020-03-18;Si;;;362.3637;234;887.3265;573;36.3636;0;0;108
CATALUNYA;CATALUNYA;2020-03-11;2020-03-17;No;285.986;4.78149;55.7623;4242;146.5042;11145;25.1503;0;0;161
CATALUNYA;CATALUNYA;2020-03-11;2020-03-17;--;;;0.0000;14;0.0000;44;27.2727;0;0;0
CATALUNYA;CATALUNYA;2020-03-11;2020-03-17;Si;;;260.1585;168;681.3676;440;34.3387;0;0;94
CATALUNYA;CATALUNYA;2020-03-10;2020-03-16;--;;;0.0000;11;0.0000;37;24.3243;0;0;0
CATALUNYA;CATALUNYA;2020-03-10;2020-03-16;Si;;;170.3419;110;545.0941;352;29.1908;0;0;76
CATALUNYA;CATALUNYA;2020-03-10;2020-03-16;No;225.891;4.93515;43.7212;3326;117.9001;8969;23.4089;0;0;126
CATALUNYA;CATALUNYA;2020-03-09;2020-03-15;No;144.664;5.0;28.0389;2133;90.7550;6904;20.9281;0;0;103
CATALUNYA;CATALUNYA;2020-03-09;2020-03-15;--;;;0.0000;8;0.0000;33;21.2121;0;0;0
CATALUNYA;CATALUNYA;2020-03-09;2020-03-15;Si;;;113.0450;73;424.3062;274;26.3941;0;0;58
CATALUNYA;CATALUNYA;2020-03-08;2020-03-14;No;107.35;4.63736;22.3601;1701;71.8916;5469;18.6687;0;0;77
CATALUNYA;CATALUNYA;2020-03-08;2020-03-14;--;;;0.0000;5;0.0000;24;16.6667;0;0;0
CATALUNYA;CATALUNYA;2020-03-08;2020-03-14;Si;;;54.1997;35;305.0668;197;16.5803;0;0;43
CATALUNYA;CATALUNYA;2020-03-07;2020-03-13;--;;;0.0000;2;0.0000;15;6.6667;0;0;0
CATALUNYA;CATALUNYA;2020-03-07;2020-03-13;Si;;;43.3597;28;253.9643;164;14.8148;0;0;26
CATALUNYA;CATALUNYA;2020-03-07;2020-03-13;No;;;17.9301;1364;50.7539;3861;18.4440;0;0;50
CATALUNYA;CATALUNYA;2020-03-06;2020-03-12;--;;;0.0000;0;0.0000;9;0.0000;0;0;0
CATALUNYA;CATALUNYA;2020-03-06;2020-03-12;Si;;;23.2284;15;171.8904;111;10.0000;0;0;16
CATALUNYA;CATALUNYA;2020-03-06;2020-03-12;No;;;11.0157;838;26.6323;2026;19.4975;0;0;30
CATALUNYA;CATALUNYA;2020-03-05;2020-03-11;No;;;6.6383;505;14.4598;1100;16.9288;0;0;17
CATALUNYA;CATALUNYA;2020-03-05;2020-03-11;--;;;0.0000;0;0.0000;7;0.0000;0;0;0
CATALUNYA;CATALUNYA;2020-03-05;2020-03-11;Si;;;9.2913;6;109.9479;71;4.2254;0;0;11
CATALUNYA;CATALUNYA;2020-03-04;2020-03-10;--;;;0.0000;0;0.0000;5;0.0000;0;0;0
CATALUNYA;CATALUNYA;2020-03-04;2020-03-10;Si;;;4.6456;3;68.1367;44;2.2727;0;0;6
CATALUNYA;CATALUNYA;2020-03-04;2020-03-10;No;;;4.0487;308;8.5970;654;14.5736;0;0;12
CATALUNYA;CATALUNYA;2020-03-03;2020-03-09;--;;;0.0000;0;0.0000;2;0.0000;0;0;0
CATALUNYA;CATALUNYA;2020-03-03;2020-03-09;Si;;;1.5485;1;32.5198;21;0.0000;0;0;3
CATALUNYA;CATALUNYA;2020-03-03;2020-03-09;No;;;2.0506;156;4.8637;370;7.9670;0;0;9
CATALUNYA;CATALUNYA;2020-03-02;2020-03-08;No;;;0.8938;68;4.0093;305;5.3333;0;0;5
CATALUNYA;CATALUNYA;2020-03-02;2020-03-08;--;;;0.0000;1;0.0000;1;100.0000;0;0;0
CATALUNYA;CATALUNYA;2020-03-02;2020-03-08;Si;;;1.5485;1;20.1313;13;0.0000;0;0;2
CATALUNYA;CATALUNYA;2020-03-01;2020-03-07;Si;;;1.5485;1;12.3885;8;0.0000;0;0;0
CATALUNYA;CATALUNYA;2020-03-01;2020-03-07;No;;;0.7887;60;3.6412;277;4.3956;0;0;2
CATALUNYA;CATALUNYA;2020-03-01;2020-03-07;--;;;0.0000;2;0.0000;3;33.3333;0;0;0
CATALUNYA;CATALUNYA;2020-02-29;2020-03-06;--;;;0.0000;2;0.0000;3;33.3333;0;0;0
CATALUNYA;CATALUNYA;2020-02-29;2020-03-06;Si;;;0.0000;0;4.6456;3;0.0000;0;0;0
CATALUNYA;CATALUNYA;2020-02-29;2020-03-06;No;;;0.6572;50;2.6159;199;5.1282;0;0;0
CATALUNYA;CATALUNYA;2020-02-28;2020-03-05;No;;;0.4863;37;1.8797;143;5.6738;0;0;0
CATALUNYA;CATALUNYA;2020-02-28;2020-03-05;--;;;0.0000;2;0.0000;3;33.3333;0;0;0
CATALUNYA;CATALUNYA;2020-02-28;2020-03-05;Si;;;0.0000;0;3.0971;2;0.0000;0;0;0
CATALUNYA;CATALUNYA;2020-02-27;2020-03-04;Si;;;0.0000;0;3.0971;2;0.0000;0;0;0
CATALUNYA;CATALUNYA;2020-02-27;2020-03-04;No;;;0.2629;20;1.3934;106;2.8302;0;0;0
CATALUNYA;CATALUNYA;2020-02-27;2020-03-04;--;;;0.0000;2;0.0000;3;33.3333;0;0;0
CATALUNYA;CATALUNYA;2020-02-26;2020-03-03;--;;;0.0000;2;0.0000;3;33.3333;0;0;0
CATALUNYA;CATALUNYA;2020-02-26;2020-03-03;Si;;;0.0000;0;0.0000;0;0.0000;0;0;0
CATALUNYA;CATALUNYA;2020-02-26;2020-03-03;No;;;0.1708;13;1.0384;79;2.5316;0;0;0
CATALUNYA;CATALUNYA;2020-02-25;2020-03-02;No;;;0.0657;5;0.7098;54;3.7037;0;0;0
CATALUNYA;CATALUNYA;2020-02-25;2020-03-02;--;;;0.0000;2;0.0000;3;33.3333;0;0;0
CATALUNYA;CATALUNYA;2020-02-25;2020-03-02;Si;;;0.0000;0;0.0000;0;0.0000;0;0;0
CATALUNYA;CATALUNYA;2020-02-24;2020-03-01;No;;;0.0131;1;0.2629;20;0.0000;0;0;0
CATALUNYA;CATALUNYA;2020-02-24;2020-03-01;--;;;0.0000;1;0.0000;2;0.0000;0;0;0
CATALUNYA;CATALUNYA;2020-02-24;2020-03-01;Si;;;0.0000;0;0.0000;0;0.0000;0;0;0
